date,search_index,brand_ko,brand
2022-01-03,10.12279,롬앤,romand
2022-01-10,10.59199,롬앤,romand
2022-01-17,11.49582,롬앤,romand
2022-01-24,14.63042,롬앤,romand
2022-01-31,16.68996,롬앤,romand
2022-02-07,11.60736,롬앤,romand
2022-02-14,10.46841,롬앤,romand
2022-02-21,10.2181,롬앤,romand
2022-02-28,9.43733,롬앤,romand
2022-03-07,8.44133,롬앤,romand
2022-03-14,13.14062,롬앤,romand
2022-03-21,9.73529,롬앤,romand
2022-03-28,9.3682,롬앤,romand
2022-04-04,8.21616,롬앤,romand
2022-04-11,7.99465,롬앤,romand
2022-04-18,7.31809,롬앤,romand
2022-04-25,7.27044,롬앤,romand
2022-05-02,8.28371,롬앤,romand
2022-05-09,8.43243,롬앤,romand
2022-05-16,7.7433,롬앤,romand
2022-05-23,7.20131,롬앤,romand
2022-05-30,7.60767,롬앤,romand
2022-06-06,7.28039,롬앤,romand
2022-06-13,6.35509,롬앤,romand
2022-06-20,7.01123,롬앤,romand
2022-06-27,12.71437,롬앤,romand
2022-07-04,10.30974,롬앤,romand
2022-07-11,8.18317,롬앤,romand
2022-07-18,7.51813,롬앤,romand
2022-07-25,7.33485,롬앤,romand
2022-08-01,7.79043,롬앤,romand
2022-08-08,7.82865,롬앤,romand
2022-08-15,7.98523,롬앤,romand
2022-08-22,10.0013,롬앤,romand
2022-08-29,9.15036,롬앤,romand
2022-09-05,7.93653,롬앤,romand
2022-09-12,11.11512,롬앤,romand
2022-09-19,8.23763,롬앤,romand
2022-09-26,9.00531,롬앤,romand
2022-10-03,9.72796,롬앤,romand
2022-10-10,7.85117,롬앤,romand
2022-10-17,7.12905,롬앤,romand
2022-10-24,6.40483,롬앤,romand
2022-10-31,7.32542,롬앤,romand
2022-11-07,7.66266,롬앤,romand
2022-11-14,19.41874,롬앤,romand
2022-11-21,45.13811,롬앤,romand
2022-11-28,18.8956,롬앤,romand
2022-12-05,12.00848,롬앤,romand
2022-12-12,11.69586,롬앤,romand
2022-12-19,19.00767,롬앤,romand
2022-12-26,8.48061,롬앤,romand
2023-01-02,9.67035,롬앤,romand
2023-01-09,9.90076,롬앤,romand
2023-01-16,10.37467,롬앤,romand
2023-01-23,16.95493,롬앤,romand
2023-01-30,13.09873,롬앤,romand
2023-02-06,11.14706,롬앤,romand
2023-02-13,10.98159,롬앤,romand
2023-02-20,10.20867,롬앤,romand
2023-02-27,11.16173,롬앤,romand
2023-03-06,9.1954,롬앤,romand
2023-03-13,9.91385,롬앤,romand
2023-03-20,11.11355,롬앤,romand
2023-03-27,13.07098,롬앤,romand
2023-04-03,10.73809,롬앤,romand
2023-04-10,11.31097,롬앤,romand
2023-04-17,9.54153,롬앤,romand
2023-04-24,8.49632,롬앤,romand
2023-05-01,9.11947,롬앤,romand
2023-05-08,8.04545,롬앤,romand
2023-05-15,8.04021,롬앤,romand
2023-05-22,8.32718,롬앤,romand
2023-05-29,13.14743,롬앤,romand
2023-06-05,12.68871,롬앤,romand
2023-06-12,9.18702,롬앤,romand
2023-06-19,9.73424,롬앤,romand
2023-06-26,28.04492,롬앤,romand
2023-07-03,19.58002,롬앤,romand
2023-07-10,10.68886,롬앤,romand
2023-07-17,8.20831,롬앤,romand
2023-07-24,7.89306,롬앤,romand
2023-07-31,9.23729,롬앤,romand
2023-08-07,9.264,롬앤,romand
2023-08-14,8.39525,롬앤,romand
2023-08-21,9.22682,롬앤,romand
2023-08-28,9.2996,롬앤,romand
2023-09-04,9.06396,롬앤,romand
2023-09-11,7.2762,롬앤,romand
2023-09-18,7.75587,롬앤,romand
2023-09-25,15.11062,롬앤,romand
2023-10-02,11.84719,롬앤,romand
2023-10-09,11.13135,롬앤,romand
2023-10-16,21.23059,롬앤,romand
2023-10-23,9.48079,롬앤,romand
2023-10-30,11.94983,롬앤,romand
2023-11-06,10.36158,롬앤,romand
2023-11-13,9.42476,롬앤,romand
2023-11-20,9.44728,롬앤,romand
2023-11-27,9.13675,롬앤,romand
2023-12-04,10.05786,롬앤,romand
2023-12-11,25.57484,롬앤,romand
2023-12-18,16.92404,롬앤,romand
2023-12-25,10.7229,롬앤,romand
2024-01-01,10.548,롬앤,romand
2024-01-08,17.74723,롬앤,romand
2024-01-15,30.49878,롬앤,romand
2024-01-22,16.29303,롬앤,romand
2024-01-29,30.02068,롬앤,romand
2024-02-05,52.24569,롬앤,romand
2024-02-12,20.25763,롬앤,romand
2024-02-19,15.04202,롬앤,romand
2024-02-26,13.66323,롬앤,romand
2024-03-04,11.64716,롬앤,romand
2024-03-11,10.98683,롬앤,romand
2024-03-18,10.87895,롬앤,romand
2024-03-25,12.92697,롬앤,romand
2024-04-01,14.39897,롬앤,romand
2024-04-08,10.8292,롬앤,romand
2024-04-15,10.00549,롬앤,romand
2024-04-22,9.22315,롬앤,romand
2024-04-29,8.89953,롬앤,romand
2024-05-06,9.3305,롬앤,romand
2024-05-13,8.82936,롬앤,romand
2024-05-20,11.04024,롬앤,romand
2024-05-27,9.65045,롬앤,romand
2024-06-03,9.22367,롬앤,romand
2024-06-10,10.55952,롬앤,romand
2024-06-17,9.46194,롬앤,romand
2024-06-24,12.0776,롬앤,romand
2024-07-01,17.55871,롬앤,romand
2024-07-08,9.41376,롬앤,romand
2024-07-15,9.13832,롬앤,romand
2024-07-22,8.18945,롬앤,romand
2024-07-29,7.79828,롬앤,romand
2024-08-05,11.00725,롬앤,romand
2024-08-12,16.1972,롬앤,romand
2024-08-19,12.38551,롬앤,romand
2024-08-26,9.49336,롬앤,romand
2024-09-02,7.94962,롬앤,romand
2024-09-09,16.18411,롬앤,romand
2024-09-16,13.79519,롬앤,romand
2024-09-23,9.33469,롬앤,romand
2024-09-30,8.12138,롬앤,romand
2024-10-07,8.27219,롬앤,romand
2024-10-14,9.43785,롬앤,romand
2024-10-21,9.08229,롬앤,romand
2024-10-28,17.78598,롬앤,romand
2024-11-04,15.20645,롬앤,romand
2024-11-11,10.79779,롬앤,romand
2024-11-18,8.78537,롬앤,romand
2024-11-25,9.32474,롬앤,romand
2024-12-02,9.02207,롬앤,romand
2024-12-09,7.75691,롬앤,romand
2024-12-16,7.8407,롬앤,romand
2024-12-23,6.82533,롬앤,romand
2024-12-30,10.32283,롬앤,romand
2025-01-06,11.75503,롬앤,romand
2025-01-13,8.34707,롬앤,romand
2025-01-20,16.01392,롬앤,romand
2025-01-27,14.46285,롬앤,romand
2025-02-03,10.78522,롬앤,romand
2025-02-10,9.917,롬앤,romand
2025-02-17,10.28932,롬앤,romand
2025-02-24,12.44311,롬앤,romand
2025-03-03,9.87039,롬앤,romand
2025-03-10,17.00206,롬앤,romand
2025-03-17,8.39263,롬앤,romand
2025-03-24,6.71484,롬앤,romand
2025-03-31,9.8772,롬앤,romand
2025-04-07,52.09541,롬앤,romand
2025-04-14,30.54119,롬앤,romand
2025-04-21,8.18526,롬앤,romand
2025-04-28,7.78676,롬앤,romand
2025-05-05,7.24897,롬앤,romand
2025-05-12,6.94787,롬앤,romand
2025-05-19,8.35441,롬앤,romand
2025-05-26,6.50276,롬앤,romand
2025-06-02,8.05226,롬앤,romand
2025-06-09,6.04718,롬앤,romand
2025-06-16,6.52423,롬앤,romand
2025-06-23,7.01489,롬앤,romand
2025-06-30,7.94491,롬앤,romand
2025-07-07,6.54727,롬앤,romand
2025-07-14,6.88869,롬앤,romand
2025-07-21,7.00233,롬앤,romand
2025-07-28,6.99918,롬앤,romand
2025-08-04,7.16518,롬앤,romand
2025-08-11,7.79985,롬앤,romand
2025-08-18,9.80127,롬앤,romand
2025-08-25,7.67889,롬앤,romand
2025-09-01,7.81504,롬앤,romand
2025-09-08,18.29078,롬앤,romand
2025-09-15,11.05281,롬앤,romand
2025-09-22,11.49163,롬앤,romand
2025-09-29,8.66493,롬앤,romand
2025-10-06,8.04859,롬앤,romand
2025-10-13,8.99065,롬앤,romand
2025-10-20,11.80321,롬앤,romand
2022-01-03,12.58764,클리오,clio
2022-01-10,10.97897,클리오,clio
2022-01-17,10.57104,클리오,clio
2022-01-24,8.96761,클리오,clio
2022-01-31,9.94737,클리오,clio
2022-02-07,13.84808,클리오,clio
2022-02-14,27.78153,클리오,clio
2022-02-21,22.58529,클리오,clio
2022-02-28,15.88301,클리오,clio
2022-03-07,14.44819,클리오,clio
2022-03-14,11.64506,클리오,clio
2022-03-21,24.55737,클리오,clio
2022-03-28,14.37331,클리오,clio
2022-04-04,13.0626,클리오,clio
2022-04-11,12.518,클리오,clio
2022-04-18,17.57547,클리오,clio
2022-04-25,16.32393,클리오,clio
2022-05-02,12.55989,클리오,clio
2022-05-09,11.46545,클리오,clio
2022-05-16,14.37645,클리오,clio
2022-05-23,10.76951,클리오,clio
2022-05-30,9.77561,클리오,clio
2022-06-06,9.38444,클리오,clio
2022-06-13,8.55863,클리오,clio
2022-06-20,8.98175,클리오,clio
2022-06-27,8.13918,클리오,clio
2022-07-04,8.01822,클리오,clio
2022-07-11,7.82289,클리오,clio
2022-07-18,8.43452,클리오,clio
2022-07-25,8.42562,클리오,clio
2022-08-01,9.13465,클리오,clio
2022-08-08,10.60456,클리오,clio
2022-08-15,9.21844,클리오,clio
2022-08-22,10.84177,클리오,clio
2022-08-29,13.77739,클리오,clio
2022-09-05,10.76479,클리오,clio
2022-09-12,10.63283,클리오,clio
2022-09-19,15.16665,클리오,clio
2022-09-26,10.41552,클리오,clio
2022-10-03,9.01264,클리오,clio
2022-10-10,8.46071,클리오,clio
2022-10-17,9.24253,클리오,clio
2022-10-24,9.10114,클리오,clio
2022-10-31,11.12298,클리오,clio
2022-11-07,11.88647,클리오,clio
2022-11-14,9.75676,클리오,clio
2022-11-21,8.96342,클리오,clio
2022-11-28,10.38305,클리오,clio
2022-12-05,13.45848,클리오,clio
2022-12-12,10.28303,클리오,clio
2022-12-19,11.30259,클리오,clio
2022-12-26,13.56845,클리오,clio
2023-01-02,13.73916,클리오,clio
2023-01-09,15.87568,클리오,clio
2023-01-16,14.92943,클리오,clio
2023-01-23,17.45503,클리오,clio
2023-01-30,15.81808,클리오,clio
2023-02-06,15.75419,클리오,clio
2023-02-13,15.52797,클리오,clio
2023-02-20,24.03738,클리오,clio
2023-02-27,23.51687,클리오,clio
2023-03-06,17.5519,클리오,clio
2023-03-13,13.53546,클리오,clio
2023-03-20,16.19406,클리오,clio
2023-03-27,13.64647,클리오,clio
2023-04-03,14.26282,클리오,clio
2023-04-10,12.35043,클리오,clio
2023-04-17,13.65119,클리오,clio
2023-04-24,13.10292,클리오,clio
2023-05-01,10.70719,클리오,clio
2023-05-08,16.86382,클리오,clio
2023-05-15,12.68871,클리오,clio
2023-05-22,13.41973,클리오,clio
2023-05-29,11.05647,클리오,clio
2023-06-05,10.15997,클리오,clio
2023-06-12,10.1961,클리오,clio
2023-06-19,9.49179,클리오,clio
2023-06-26,8.8922,클리오,clio
2023-07-03,9.44309,클리오,clio
2023-07-10,10.54957,클리오,clio
2023-07-17,10.21077,클리오,clio
2023-07-24,9.02992,클리오,clio
2023-07-31,8.94561,클리오,clio
2023-08-07,18.04728,클리오,clio
2023-08-14,12.10954,클리오,clio
2023-08-21,13.36789,클리오,clio
2023-08-28,17.19425,클리오,clio
2023-09-04,19.78844,클리오,clio
2023-09-11,15.74476,클리오,clio
2023-09-18,18.67253,클리오,clio
2023-09-25,14.2005,클리오,clio
2023-10-02,11.51362,클리오,clio
2023-10-09,10.7517,클리오,clio
2023-10-16,11.93412,클리오,clio
2023-10-23,12.23941,클리오,clio
2023-10-30,17.00939,클리오,clio
2023-11-06,17.1623,클리오,clio
2023-11-13,11.88908,클리오,clio
2023-11-20,11.91841,클리오,clio
2023-11-27,12.84476,클리오,clio
2023-12-04,11.30102,클리오,clio
2023-12-11,18.20961,클리오,clio
2023-12-18,14.50789,클리오,clio
2023-12-25,10.07357,클리오,clio
2024-01-01,12.16558,클리오,clio
2024-01-08,12.07184,클리오,clio
2024-01-15,10.84282,클리오,clio
2024-01-22,10.69829,클리오,clio
2024-01-29,11.17272,클리오,clio
2024-02-05,10.6344,클리오,clio
2024-02-12,12.26769,클리오,clio
2024-02-19,12.41065,클리오,clio
2024-02-26,13.0893,클리오,clio
2024-03-04,10.50244,클리오,clio
2024-03-11,10.08142,클리오,clio
2024-03-18,9.22786,클리오,clio
2024-03-25,9.62113,클리오,clio
2024-04-01,12.04409,클리오,clio
2024-04-08,8.58848,클리오,clio
2024-04-15,9.63108,클리오,clio
2024-04-22,17.01044,클리오,clio
2024-04-29,13.46686,클리오,clio
2024-05-06,11.60474,클리오,clio
2024-05-13,11.5906,클리오,clio
2024-05-20,12.16243,클리오,clio
2024-05-27,13.06836,클리오,clio
2024-06-03,10.072,클리오,clio
2024-06-10,11.3958,클리오,clio
2024-06-17,11.98387,클리오,clio
2024-06-24,9.59128,클리오,clio
2024-07-01,9.63056,클리오,clio
2024-07-08,8.27638,클리오,clio
2024-07-15,8.56858,클리오,clio
2024-07-22,9.02469,클리오,clio
2024-07-29,8.13709,클리오,clio
2024-08-05,8.90267,클리오,clio
2024-08-12,10.03796,클리오,clio
2024-08-19,10.14531,클리오,clio
2024-08-26,12.77563,클리오,clio
2024-09-02,15.98408,클리오,clio
2024-09-09,9.15193,클리오,clio
2024-09-16,7.35736,클리오,clio
2024-09-23,8.29628,클리오,clio
2024-09-30,8.03236,클리오,clio
2024-10-07,7.25525,클리오,clio
2024-10-14,7.4202,클리오,clio
2024-10-21,9.41743,클리오,clio
2024-10-28,9.53263,클리오,clio
2024-11-04,9.01421,클리오,clio
2024-11-11,9.2043,클리오,clio
2024-11-18,6.67766,클리오,clio
2024-11-25,7.12224,클리오,clio
2024-12-02,7.1678,클리오,clio
2024-12-09,9.82326,클리오,clio
2024-12-16,6.75935,클리오,clio
2024-12-23,5.92883,클리오,clio
2024-12-30,5.87542,클리오,clio
2025-01-06,6.54203,클리오,clio
2025-01-13,6.75935,클리오,clio
2025-01-20,6.56141,클리오,clio
2025-01-27,6.65933,클리오,clio
2025-02-03,7.40345,클리오,clio
2025-02-10,8.09572,클리오,clio
2025-02-17,12.72013,클리오,clio
2025-02-24,13.68523,클리오,clio
2025-03-03,10.4019,클리오,clio
2025-03-10,11.74298,클리오,clio
2025-03-17,9.25352,클리오,clio
2025-03-24,8.43243,클리오,clio
2025-03-31,8.86497,클리오,clio
2025-04-07,7.40345,클리오,clio
2025-04-14,7.42858,클리오,clio
2025-04-21,8.51307,클리오,clio
2025-04-28,8.93566,클리오,clio
2025-05-05,8.06273,클리오,clio
2025-05-12,13.73497,클리오,clio
2025-05-19,9.34097,클리오,clio
2025-05-26,8.6089,클리오,clio
2025-06-02,7.45634,클리오,clio
2025-06-09,8.38792,클리오,clio
2025-06-16,8.13866,클리오,clio
2025-06-23,7.79043,클리오,clio
2025-06-30,8.3942,클리오,clio
2025-07-07,8.15803,클리오,clio
2025-07-14,7.93391,클리오,clio
2025-07-21,7.92029,클리오,clio
2025-07-28,7.40973,클리오,clio
2025-08-04,8.16065,클리오,clio
2025-08-11,8.54711,클리오,clio
2025-08-18,8.51517,클리오,clio
2025-08-25,10.81245,클리오,clio
2025-09-01,8.8634,클리오,clio
2025-09-08,7.93077,클리오,clio
2025-09-15,13.60825,클리오,clio
2025-09-22,8.23606,클리오,clio
2025-09-29,7.04369,클리오,clio
2025-10-06,5.54656,클리오,clio
2025-10-13,6.92797,클리오,clio
2025-10-20,9.44256,클리오,clio
2022-01-03,7.67994,에뛰드,etude
2022-01-10,6.93896,에뛰드,etude
2022-01-17,6.53837,에뛰드,etude
2022-01-24,7.1212,에뛰드,etude
2022-01-31,9.11318,에뛰드,etude
2022-02-07,7.37517,에뛰드,etude
2022-02-14,7.12591,에뛰드,etude
2022-02-21,6.98976,에뛰드,etude
2022-02-28,7.27201,에뛰드,etude
2022-03-07,6.59387,에뛰드,etude
2022-03-14,8.1308,에뛰드,etude
2022-03-21,6.72741,에뛰드,etude
2022-03-28,6.19118,에뛰드,etude
2022-04-04,6.09797,에뛰드,etude
2022-04-11,6.18699,에뛰드,etude
2022-04-18,6.65985,에뛰드,etude
2022-04-25,6.43782,에뛰드,etude
2022-05-02,69.81541,에뛰드,etude
2022-05-09,21.80609,에뛰드,etude
2022-05-16,8.80161,에뛰드,etude
2022-05-23,7.10653,에뛰드,etude
2022-05-30,6.97405,에뛰드,etude
2022-06-06,6.8777,에뛰드,etude
2022-06-13,7.43277,에뛰드,etude
2022-06-20,7.1966,에뛰드,etude
2022-06-27,6.72636,에뛰드,etude
2022-07-04,6.65305,에뛰드,etude
2022-07-11,9.30118,에뛰드,etude
2022-07-18,7.03689,에뛰드,etude
2022-07-25,6.71641,에뛰드,etude
2022-08-01,6.309,에뛰드,etude
2022-08-08,7.10182,에뛰드,etude
2022-08-15,6.26135,에뛰드,etude
2022-08-22,6.85361,에뛰드,etude
2022-08-29,6.88503,에뛰드,etude
2022-09-05,6.00005,에뛰드,etude
2022-09-12,6.36975,에뛰드,etude
2022-09-19,5.59526,에뛰드,etude
2022-09-26,5.99743,에뛰드,etude
2022-10-03,6.24041,에뛰드,etude
2022-10-10,5.64187,에뛰드,etude
2022-10-17,6.14301,에뛰드,etude
2022-10-24,5.8131,에뛰드,etude
2022-10-31,6.62948,에뛰드,etude
2022-11-07,6.8379,에뛰드,etude
2022-11-14,5.93145,에뛰드,etude
2022-11-21,5.27531,에뛰드,etude
2022-11-28,5.38056,에뛰드,etude
2022-12-05,7.00809,에뛰드,etude
2022-12-12,6.06132,에뛰드,etude
2022-12-19,9.16084,에뛰드,etude
2022-12-26,6.77768,에뛰드,etude
2023-01-02,7.59668,에뛰드,etude
2023-01-09,7.7412,에뛰드,etude
2023-01-16,8.02922,에뛰드,etude
2023-01-23,7.86479,에뛰드,etude
2023-01-30,7.62233,에뛰드,etude
2023-02-06,7.91087,에뛰드,etude
2023-02-13,8.26277,에뛰드,etude
2023-02-20,7.24897,에뛰드,etude
2023-02-27,7.55007,에뛰드,etude
2023-03-06,6.64572,에뛰드,etude
2023-03-13,6.26188,에뛰드,etude
2023-03-20,7.20917,에뛰드,etude
2023-03-27,6.45039,에뛰드,etude
2023-04-03,6.25612,에뛰드,etude
2023-04-10,5.95239,에뛰드,etude
2023-04-17,5.8618,에뛰드,etude
2023-04-24,5.40674,에뛰드,etude
2023-05-01,6.32524,에뛰드,etude
2023-05-08,6.23988,에뛰드,etude
2023-05-15,6.35142,에뛰드,etude
2023-05-22,5.17162,에뛰드,etude
2023-05-29,6.23936,에뛰드,etude
2023-06-05,5.38685,에뛰드,etude
2023-06-12,4.84015,에뛰드,etude
2023-06-19,4.63697,에뛰드,etude
2023-06-26,4.31021,에뛰드,etude
2023-07-03,4.4317,에뛰드,etude
2023-07-10,4.95535,에뛰드,etude
2023-07-17,4.21019,에뛰드,etude
2023-07-24,4.24266,에뛰드,etude
2023-07-31,4.26099,에뛰드,etude
2023-08-07,4.19605,에뛰드,etude
2023-08-14,4.42122,에뛰드,etude
2023-08-21,5.32558,에뛰드,etude
2023-08-28,5.68481,에뛰드,etude
2023-09-04,7.40187,에뛰드,etude
2023-09-11,5.74398,에뛰드,etude
2023-09-18,5.11873,에뛰드,etude
2023-09-25,5.79582,에뛰드,etude
2023-10-02,5.80996,에뛰드,etude
2023-10-09,5.21771,에뛰드,etude
2023-10-16,6.48286,에뛰드,etude
2023-10-23,5.48215,에뛰드,etude
2023-10-30,5.5895,에뛰드,etude
2023-11-06,6.03199,에뛰드,etude
2023-11-13,6.55931,에뛰드,etude
2023-11-20,7.82237,에뛰드,etude
2023-11-27,6.85727,에뛰드,etude
2023-12-04,6.96148,에뛰드,etude
2023-12-11,11.81001,에뛰드,etude
2023-12-18,24.55004,에뛰드,etude
2023-12-25,9.0006,에뛰드,etude
2024-01-01,8.755,에뛰드,etude
2024-01-08,7.35527,에뛰드,etude
2024-01-15,7.20236,에뛰드,etude
2024-01-22,7.40554,에뛰드,etude
2024-01-29,8.39577,에뛰드,etude
2024-02-05,6.84994,에뛰드,etude
2024-02-12,7.51237,에뛰드,etude
2024-02-19,6.64729,에뛰드,etude
2024-02-26,6.51375,에뛰드,etude
2024-03-04,6.44044,에뛰드,etude
2024-03-11,10.46841,에뛰드,etude
2024-03-18,8.57644,에뛰드,etude
2024-03-25,15.9181,에뛰드,etude
2024-04-01,10.81192,에뛰드,etude
2024-04-08,5.80368,에뛰드,etude
2024-04-15,5.11716,에뛰드,etude
2024-04-22,4.41285,에뛰드,etude
2024-04-29,6.50014,에뛰드,etude
2024-05-06,5.54447,에뛰드,etude
2024-05-13,8.46542,에뛰드,etude
2024-05-20,7.04527,에뛰드,etude
2024-05-27,9.08491,에뛰드,etude
2024-06-03,7.26049,에뛰드,etude
2024-06-10,9.17497,에뛰드,etude
2024-06-17,7.17618,에뛰드,etude
2024-06-24,6.77611,에뛰드,etude
2024-07-01,8.89377,에뛰드,etude
2024-07-08,6.19013,에뛰드,etude
2024-07-15,5.53295,에뛰드,etude
2024-07-22,6.46139,에뛰드,etude
2024-07-29,5.37533,에뛰드,etude
2024-08-05,4.90351,에뛰드,etude
2024-08-12,5.12711,에뛰드,etude
2024-08-19,4.53067,에뛰드,etude
2024-08-26,5.59369,에뛰드,etude
2024-09-02,5.74922,에뛰드,etude
2024-09-09,4.44688,에뛰드,etude
2024-09-16,4.70923,에뛰드,etude
2024-09-23,4.97578,에뛰드,etude
2024-09-30,4.7925,에뛰드,etude
2024-10-07,4.80873,에뛰드,etude
2024-10-14,6.35247,에뛰드,etude
2024-10-21,5.15172,에뛰드,etude
2024-10-28,7.85641,에뛰드,etude
2024-11-04,8.76286,에뛰드,etude
2024-11-11,4.86214,에뛰드,etude
2024-11-18,3.53258,에뛰드,etude
2024-11-25,3.96564,에뛰드,etude
2024-12-02,4.03372,에뛰드,etude
2024-12-09,4.01539,에뛰드,etude
2024-12-16,4.87576,에뛰드,etude
2024-12-23,3.83316,에뛰드,etude
2024-12-30,3.78079,에뛰드,etude
2025-01-06,4.24318,에뛰드,etude
2025-01-13,5.24022,에뛰드,etude
2025-01-20,5.28316,에뛰드,etude
2025-01-27,8.90843,에뛰드,etude
2025-02-03,7.00861,에뛰드,etude
2025-02-10,6.26397,에뛰드,etude
2025-02-17,4.86528,에뛰드,etude
2025-02-24,4.99829,에뛰드,etude
2025-03-03,4.44165,에뛰드,etude
2025-03-10,4.71918,에뛰드,etude
2025-03-17,4.24423,에뛰드,etude
2025-03-24,3.44984,에뛰드,etude
2025-03-31,4.00596,에뛰드,etude
2025-04-07,3.88186,에뛰드,etude
2025-04-14,3.84363,에뛰드,etude
2025-04-21,3.14717,에뛰드,etude
2025-04-28,3.04191,에뛰드,etude
2025-05-05,4.02953,에뛰드,etude
2025-05-12,5.59788,에뛰드,etude
2025-05-19,3.47812,에뛰드,etude
2025-05-26,4.32854,에뛰드,etude
2025-06-02,3.83735,에뛰드,etude
2025-06-09,3.37705,에뛰드,etude
2025-06-16,3.34302,에뛰드,etude
2025-06-23,3.71324,에뛰드,etude
2025-06-30,5.06951,에뛰드,etude
2025-07-07,3.32312,에뛰드,etude
2025-07-14,3.10423,에뛰드,etude
2025-07-21,3.11523,에뛰드,etude
2025-07-28,3.25923,에뛰드,etude
2025-08-04,3.41109,에뛰드,etude
2025-08-11,5.09255,에뛰드,etude
2025-08-18,4.20181,에뛰드,etude
2025-08-25,5.08836,에뛰드,etude
2025-09-01,4.2835,에뛰드,etude
2025-09-08,3.17545,에뛰드,etude
2025-09-15,2.88482,에뛰드,etude
2025-09-22,2.93299,에뛰드,etude
2025-09-29,2.96075,에뛰드,etude
2025-10-06,3.2896,에뛰드,etude
2025-10-13,3.06862,에뛰드,etude
2025-10-20,3.60118,에뛰드,etude
2022-01-03,53.11182,이니스프리,innisfree
2022-01-10,41.79614,이니스프리,innisfree
2022-01-17,49.25195,이니스프리,innisfree
2022-01-24,44.35943,이니스프리,innisfree
2022-01-31,57.79802,이니스프리,innisfree
2022-02-07,85.49105,이니스프리,innisfree
2022-02-14,38.4882,이니스프리,innisfree
2022-02-21,34.01042,이니스프리,innisfree
2022-02-28,43.97821,이니스프리,innisfree
2022-03-07,43.62946,이니스프리,innisfree
2022-03-14,36.13541,이니스프리,innisfree
2022-03-21,35.27033,이니스프리,innisfree
2022-03-28,39.30406,이니스프리,innisfree
2022-04-04,43.7389,이니스프리,innisfree
2022-04-11,35.59762,이니스프리,innisfree
2022-04-18,34.69745,이니스프리,innisfree
2022-04-25,41.90506,이니스프리,innisfree
2022-05-02,100.0,이니스프리,innisfree
2022-05-09,49.19016,이니스프리,innisfree
2022-05-16,38.07085,이니스프리,innisfree
2022-05-23,34.26753,이니스프리,innisfree
2022-05-30,38.71547,이니스프리,innisfree
2022-06-06,40.33723,이니스프리,innisfree
2022-06-13,34.1806,이니스프리,innisfree
2022-06-20,30.82292,이니스프리,innisfree
2022-06-27,36.53915,이니스프리,innisfree
2022-07-04,39.04694,이니스프리,innisfree
2022-07-11,29.08805,이니스프리,innisfree
2022-07-18,28.69216,이니스프리,innisfree
2022-07-25,29.26976,이니스프리,innisfree
2022-08-01,36.58576,이니스프리,innisfree
2022-08-08,29.30275,이니스프리,innisfree
2022-08-15,42.50307,이니스프리,innisfree
2022-08-22,30.15474,이니스프리,innisfree
2022-08-29,33.73916,이니스프리,innisfree
2022-09-05,27.18718,이니스프리,innisfree
2022-09-12,67.95381,이니스프리,innisfree
2022-09-19,36.77637,이니스프리,innisfree
2022-09-26,29.81698,이니스프리,innisfree
2022-10-03,29.1069,이니스프리,innisfree
2022-10-10,45.512,이니스프리,innisfree
2022-10-17,30.73128,이니스프리,innisfree
2022-10-24,29.36506,이니스프리,innisfree
2022-10-31,30.04215,이니스프리,innisfree
2022-11-07,66.93687,이니스프리,innisfree
2022-11-14,56.43547,이니스프리,innisfree
2022-11-21,37.74147,이니스프리,innisfree
2022-11-28,29.0294,이니스프리,innisfree
2022-12-05,28.47328,이니스프리,innisfree
2022-12-12,50.48045,이니스프리,innisfree
2022-12-19,33.94077,이니스프리,innisfree
2022-12-26,30.20553,이니스프리,innisfree
2023-01-02,32.94949,이니스프리,innisfree
2023-01-09,38.63063,이니스프리,innisfree
2023-01-16,26.64467,이니스프리,innisfree
2023-01-23,30.63388,이니스프리,innisfree
2023-01-30,30.67839,이니스프리,innisfree
2023-02-06,77.56185,이니스프리,innisfree
2023-02-13,29.6028,이니스프리,innisfree
2023-02-20,35.64841,이니스프리,innisfree
2023-02-27,46.77192,이니스프리,innisfree
2023-03-06,35.37873,이니스프리,innisfree
2023-03-13,40.69017,이니스프리,innisfree
2023-03-20,28.68902,이니스프리,innisfree
2023-03-27,33.01076,이니스프리,innisfree
2023-04-03,29.76932,이니스프리,innisfree
2023-04-10,45.24075,이니스프리,innisfree
2023-04-17,30.7936,이니스프리,innisfree
2023-04-24,29.48236,이니스프리,innisfree
2023-05-01,66.67504,이니스프리,innisfree
2023-05-08,46.3221,이니스프리,innisfree
2023-05-15,33.04794,이니스프리,innisfree
2023-05-22,26.64153,이니스프리,innisfree
2023-05-29,28.62514,이니스프리,innisfree
2023-06-05,25.58636,이니스프리,innisfree
2023-06-12,32.61016,이니스프리,innisfree
2023-06-19,26.84889,이니스프리,innisfree
2023-06-26,25.1135,이니스프리,innisfree
2023-07-03,23.31003,이니스프리,innisfree
2023-07-10,32.57507,이니스프리,innisfree
2023-07-17,21.14366,이니스프리,innisfree
2023-07-24,25.23237,이니스프리,innisfree
2023-07-31,26.70698,이니스프리,innisfree
2023-08-07,23.11104,이니스프리,innisfree
2023-08-14,23.708,이니스프리,innisfree
2023-08-21,49.97879,이니스프리,innisfree
2023-08-28,29.408,이니스프리,innisfree
2023-09-04,22.31456,이니스프리,innisfree
2023-09-11,24.89094,이니스프리,innisfree
2023-09-18,21.20859,이니스프리,innisfree
2023-09-25,19.72769,이니스프리,innisfree
2023-10-02,23.10475,이니스프리,innisfree
2023-10-09,28.29261,이니스프리,innisfree
2023-10-16,20.91901,이니스프리,innisfree
2023-10-23,22.91362,이니스프리,innisfree
2023-10-30,23.71638,이니스프리,innisfree
2023-11-06,41.10386,이니스프리,innisfree
2023-11-13,35.41957,이니스프리,innisfree
2023-11-20,19.36166,이니스프리,innisfree
2023-11-27,25.57903,이니스프리,innisfree
2023-12-04,24.05048,이니스프리,innisfree
2023-12-11,20.15028,이니스프리,innisfree
2023-12-18,31.33087,이니스프리,innisfree
2023-12-25,20.00418,이니스프리,innisfree
2024-01-01,20.00104,이니스프리,innisfree
2024-01-08,20.13719,이니스프리,innisfree
2024-01-15,24.24842,이니스프리,innisfree
2024-01-22,18.31644,이니스프리,innisfree
2024-01-29,21.06721,이니스프리,innisfree
2024-02-05,15.86678,이니스프리,innisfree
2024-02-12,47.54221,이니스프리,innisfree
2024-02-19,17.55452,이니스프리,innisfree
2024-02-26,23.48231,이니스프리,innisfree
2024-03-04,19.51771,이니스프리,innisfree
2024-03-11,21.47199,이니스프리,innisfree
2024-03-18,16.11918,이니스프리,innisfree
2024-03-25,16.88058,이니스프리,innisfree
2024-04-01,17.43408,이니스프리,innisfree
2024-04-08,21.98465,이니스프리,innisfree
2024-04-15,16.04377,이니스프리,innisfree
2024-04-22,16.90362,이니스프리,innisfree
2024-04-29,37.6404,이니스프리,innisfree
2024-05-06,31.74351,이니스프리,innisfree
2024-05-13,21.75477,이니스프리,innisfree
2024-05-20,18.6521,이니스프리,innisfree
2024-05-27,19.36061,이니스프리,innisfree
2024-06-03,17.92422,이니스프리,innisfree
2024-06-10,19.0239,이니스프리,innisfree
2024-06-17,14.24554,이니스프리,innisfree
2024-06-24,13.40507,이니스프리,innisfree
2024-07-01,16.72871,이니스프리,innisfree
2024-07-08,18.57932,이니스프리,innisfree
2024-07-15,14.95247,이니스프리,innisfree
2024-07-22,14.27853,이니스프리,innisfree
2024-07-29,16.94184,이니스프리,innisfree
2024-08-05,14.69431,이니스프리,innisfree
2024-08-12,17.14188,이니스프리,innisfree
2024-08-19,23.37548,이니스프리,innisfree
2024-08-26,16.64179,이니스프리,innisfree
2024-09-02,18.47458,이니스프리,innisfree
2024-09-09,14.77443,이니스프리,innisfree
2024-09-16,16.55748,이니스프리,innisfree
2024-09-23,16.17835,이니스프리,innisfree
2024-09-30,21.11067,이니스프리,innisfree
2024-10-07,18.61754,이니스프리,innisfree
2024-10-14,14.83675,이니스프리,innisfree
2024-10-21,12.66829,이니스프리,innisfree
2024-10-28,17.6514,이니스프리,innisfree
2024-11-04,27.22854,이니스프리,innisfree
2024-11-11,21.68879,이니스프리,innisfree
2024-11-18,12.9343,이니스프리,innisfree
2024-11-25,14.91948,이니스프리,innisfree
2024-12-02,15.22844,이니스프리,innisfree
2024-12-09,14.00361,이니스프리,innisfree
2024-12-16,16.901,이니스프리,innisfree
2024-12-23,16.18411,이니스프리,innisfree
2024-12-30,14.9242,이니스프리,innisfree
2025-01-06,20.47705,이니스프리,innisfree
2025-01-13,20.37074,이니스프리,innisfree
2025-01-20,13.54174,이니스프리,innisfree
2025-01-27,13.4323,이니스프리,innisfree
2025-02-03,13.23226,이니스프리,innisfree
2025-02-10,22.38734,이니스프리,innisfree
2025-02-17,15.09019,이니스프리,innisfree
2025-02-24,15.94114,이니스프리,innisfree
2025-03-03,13.69936,이니스프리,innisfree
2025-03-10,15.34993,이니스프리,innisfree
2025-03-17,14.4927,이니스프리,innisfree
2025-03-24,12.81072,이니스프리,innisfree
2025-03-31,15.418,이니스프리,innisfree
2025-04-07,12.48501,이니스프리,innisfree
2025-04-14,17.04238,이니스프리,innisfree
2025-04-21,12.09331,이니스프리,innisfree
2025-04-28,13.60353,이니스프리,innisfree
2025-05-05,20.00366,이니스프리,innisfree
2025-05-12,17.27332,이니스프리,innisfree
2025-05-19,15.07291,이니스프리,innisfree
2025-05-26,13.58259,이니스프리,innisfree
2025-06-02,12.55465,이니스프리,innisfree
2025-06-09,13.41816,이니스프리,innisfree
2025-06-16,9.77299,이니스프리,innisfree
2025-06-23,10.22857,이니스프리,innisfree
2025-06-30,12.67823,이니스프리,innisfree
2025-07-07,9.71486,이니스프리,innisfree
2025-07-14,10.8978,이니스프리,innisfree
2025-07-21,10.09556,이니스프리,innisfree
2025-07-28,11.48744,이니스프리,innisfree
2025-08-04,17.27646,이니스프리,innisfree
2025-08-11,16.5381,이니스프리,innisfree
2025-08-18,13.33909,이니스프리,innisfree
2025-08-25,11.44764,이니스프리,innisfree
2025-09-01,11.64192,이니스프리,innisfree
2025-09-08,8.53611,이니스프리,innisfree
2025-09-15,13.81457,이니스프리,innisfree
2025-09-22,13.03694,이니스프리,innisfree
2025-09-29,10.80093,이니스프리,innisfree
2025-10-06,8.99117,이니스프리,innisfree
2025-10-13,11.01667,이니스프리,innisfree
2025-10-20,10.03325,이니스프리,innisfree
2022-01-03,6.01523,닥터자르트,drjart
2022-01-10,5.6293,닥터자르트,drjart
2022-01-17,7.33223,닥터자르트,drjart
2022-01-24,5.36223,닥터자르트,drjart
2022-01-31,5.80839,닥터자르트,drjart
2022-02-07,5.67276,닥터자르트,drjart
2022-02-14,5.33867,닥터자르트,drjart
2022-02-21,5.11245,닥터자르트,drjart
2022-02-28,5.09203,닥터자르트,drjart
2022-03-07,4.71918,닥터자르트,drjart
2022-03-14,4.28141,닥터자르트,drjart
2022-03-21,4.71761,닥터자르트,drjart
2022-03-28,4.08189,닥터자르트,drjart
2022-04-04,4.30183,닥터자르트,drjart
2022-04-11,4.23533,닥터자르트,drjart
2022-04-18,4.34529,닥터자르트,drjart
2022-04-25,5.30201,닥터자르트,drjart
2022-05-02,4.75898,닥터자르트,drjart
2022-05-09,5.04542,닥터자르트,drjart
2022-05-16,5.45963,닥터자르트,drjart
2022-05-23,5.28211,닥터자르트,drjart
2022-05-30,4.69771,닥터자르트,drjart
2022-06-06,4.56366,닥터자르트,drjart
2022-06-13,4.63959,닥터자르트,drjart
2022-06-20,4.08661,닥터자르트,drjart
2022-06-27,4.14788,닥터자르트,drjart
2022-07-04,3.87086,닥터자르트,drjart
2022-07-11,3.95831,닥터자르트,drjart
2022-07-18,3.5331,닥터자르트,drjart
2022-07-25,4.08189,닥터자르트,drjart
2022-08-01,3.63836,닥터자르트,drjart
2022-08-08,3.41214,닥터자르트,drjart
2022-08-15,3.564,닥터자르트,drjart
2022-08-22,4.22328,닥터자르트,drjart
2022-08-29,7.86165,닥터자르트,drjart
2022-09-05,4.76212,닥터자르트,drjart
2022-09-12,3.93998,닥터자르트,drjart
2022-09-19,3.98921,닥터자르트,drjart
2022-09-26,4.08347,닥터자르트,drjart
2022-10-03,4.06723,닥터자르트,drjart
2022-10-10,4.52857,닥터자르트,drjart
2022-10-17,4.4715,닥터자르트,drjart
2022-10-24,4.00544,닥터자르트,drjart
2022-10-31,4.33273,닥터자르트,drjart
2022-11-07,4.4097,닥터자르트,drjart
2022-11-14,4.16673,닥터자르트,drjart
2022-11-21,4.25313,닥터자르트,drjart
2022-11-28,4.42384,닥터자르트,drjart
2022-12-05,4.43432,닥터자르트,drjart
2022-12-12,3.7478,닥터자르트,drjart
2022-12-19,3.61532,닥터자르트,drjart
2022-12-26,3.44408,닥터자르트,drjart
2023-01-02,3.85986,닥터자르트,drjart
2023-01-09,4.13269,닥터자르트,drjart
2023-01-16,3.53991,닥터자르트,drjart
2023-01-23,4.217,닥터자르트,drjart
2023-01-30,4.31702,닥터자르트,drjart
2023-02-06,4.26308,닥터자르트,drjart
2023-02-13,4.9166,닥터자르트,drjart
2023-02-20,5.2994,닥터자르트,drjart
2023-02-27,4.73437,닥터자르트,drjart
2023-03-06,4.00073,닥터자르트,drjart
2023-03-13,3.91956,닥터자르트,drjart
2023-03-20,4.19186,닥터자르트,drjart
2023-03-27,3.64517,닥터자르트,drjart
2023-04-03,4.41599,닥터자르트,drjart
2023-04-10,4.69824,닥터자르트,drjart
2023-04-17,3.9337,닥터자르트,drjart
2023-04-24,3.62998,닥터자르트,drjart
2023-05-01,3.40271,닥터자르트,drjart
2023-05-08,3.63155,닥터자르트,drjart
2023-05-15,3.43937,닥터자르트,drjart
2023-05-22,3.10789,닥터자르트,drjart
2023-05-29,3.37653,닥터자르트,drjart
2023-06-05,3.11732,닥터자르트,drjart
2023-06-12,2.75181,닥터자르트,drjart
2023-06-19,2.51407,닥터자르트,drjart
2023-06-26,2.56696,닥터자르트,drjart
2023-07-03,2.73086,닥터자르트,drjart
2023-07-10,2.48736,닥터자르트,drjart
2023-07-17,2.41248,닥터자르트,drjart
2023-07-24,2.23339,닥터자르트,drjart
2023-07-31,2.47322,닥터자르트,drjart
2023-08-07,2.39049,닥터자르트,drjart
2023-08-14,2.34597,닥터자르트,drjart
2023-08-21,2.48474,닥터자르트,drjart
2023-08-28,2.97593,닥터자르트,drjart
2023-09-04,2.73767,닥터자르트,drjart
2023-09-11,2.55072,닥터자르트,drjart
2023-09-18,2.74134,닥터자르트,drjart
2023-09-25,2.06687,닥터자르트,drjart
2023-10-02,2.8335,닥터자르트,drjart
2023-10-09,2.79737,닥터자르트,drjart
2023-10-16,2.92357,닥터자르트,drjart
2023-10-23,2.85235,닥터자르트,drjart
2023-10-30,4.72599,닥터자르트,drjart
2023-11-06,3.09899,닥터자르트,drjart
2023-11-13,3.41057,닥터자르트,drjart
2023-11-20,3.14664,닥터자르트,drjart
2023-11-27,3.41476,닥터자르트,drjart
2023-12-04,2.99007,닥터자르트,drjart
2023-12-11,2.69159,닥터자르트,drjart
2023-12-18,2.73086,닥터자르트,drjart
2023-12-25,2.2093,닥터자르트,drjart
2024-01-01,2.45751,닥터자르트,drjart
2024-01-08,2.56958,닥터자르트,drjart
2024-01-15,2.48998,닥터자르트,drjart
2024-01-22,2.71358,닥터자르트,drjart
2024-01-29,2.54863,닥터자르트,drjart
2024-02-05,2.10823,닥터자르트,drjart
2024-02-12,2.37949,닥터자르트,drjart
2024-02-19,2.32398,닥터자르트,drjart
2024-02-26,2.55177,닥터자르트,drjart
2024-03-04,2.35121,닥터자르트,drjart
2024-03-11,2.55806,닥터자르트,drjart
2024-03-18,2.22501,닥터자르트,drjart
2024-03-25,2.38054,닥터자르트,drjart
2024-04-01,2.23863,닥터자르트,drjart
2024-04-08,2.08676,닥터자르트,drjart
2024-04-15,2.0522,닥터자르트,drjart
2024-04-22,1.94957,닥터자르트,drjart
2024-04-29,1.89458,닥터자르트,drjart
2024-05-06,1.91134,닥터자르트,drjart
2024-05-13,1.93752,닥터자르트,drjart
2024-05-20,1.96528,닥터자르트,drjart
2024-05-27,2.09357,닥터자르트,drjart
2024-06-03,2.04644,닥터자르트,drjart
2024-06-10,2.04278,닥터자르트,drjart
2024-06-17,1.81813,닥터자르트,drjart
2024-06-24,1.56573,닥터자르트,drjart
2024-07-01,2.0323,닥터자르트,drjart
2024-07-08,1.85164,닥터자르트,drjart
2024-07-15,1.75581,닥터자르트,drjart
2024-07-22,1.92443,닥터자르트,drjart
2024-07-29,1.96423,닥터자르트,drjart
2024-08-05,2.1496,닥터자르트,drjart
2024-08-12,1.97627,닥터자르트,drjart
2024-08-19,1.95428,닥터자르트,drjart
2024-08-26,2.13023,닥터자르트,drjart
2024-09-02,2.07263,닥터자르트,drjart
2024-09-09,1.61129,닥터자르트,drjart
2024-09-16,1.69193,닥터자르트,drjart
2024-09-23,1.94066,닥터자르트,drjart
2024-09-30,1.89877,닥터자르트,drjart
2024-10-07,2.16479,닥터자르트,drjart
2024-10-14,2.07786,닥터자르트,drjart
2024-10-21,1.91972,닥터자르트,drjart
2024-10-28,2.04906,닥터자르트,drjart
2024-11-04,2.22553,닥터자르트,drjart
2024-11-11,1.92914,닥터자르트,drjart
2024-11-18,2.03702,닥터자르트,drjart
2024-11-25,1.96894,닥터자르트,drjart
2024-12-02,2.13913,닥터자르트,drjart
2024-12-09,1.94171,닥터자르트,drjart
2024-12-16,1.86002,닥터자르트,drjart
2024-12-23,1.61705,닥터자르트,drjart
2024-12-30,1.58091,닥터자르트,drjart
2025-01-06,1.88778,닥터자르트,drjart
2025-01-13,1.79456,닥터자르트,drjart
2025-01-20,1.73487,닥터자르트,drjart
2025-01-27,1.52331,닥터자르트,drjart
2025-02-03,1.8307,닥터자르트,drjart
2025-02-10,2.092,닥터자르트,drjart
2025-02-17,1.93962,닥터자르트,drjart
2025-02-24,1.85321,닥터자르트,drjart
2025-03-03,1.66522,닥터자르트,drjart
2025-03-10,1.41334,닥터자르트,drjart
2025-03-17,1.60814,닥터자르트,drjart
2025-03-24,1.87468,닥터자르트,drjart
2025-03-31,1.66156,닥터자르트,drjart
2025-04-07,1.67831,닥터자르트,drjart
2025-04-14,1.6935,닥터자르트,drjart
2025-04-21,1.57568,닥터자르트,drjart
2025-04-28,1.79404,닥터자르트,drjart
2025-05-05,2.67012,닥터자르트,drjart
2025-05-12,1.81865,닥터자르트,drjart
2025-05-19,1.7621,닥터자르트,drjart
2025-05-26,1.63747,닥터자르트,drjart
2025-06-02,1.55002,닥터자르트,drjart
2025-06-09,1.40654,닥터자르트,drjart
2025-06-16,1.24263,닥터자르트,drjart
2025-06-23,1.47566,닥터자르트,drjart
2025-06-30,1.57044,닥터자르트,drjart
2025-07-07,1.3149,닥터자르트,drjart
2025-07-14,1.28609,닥터자르트,drjart
2025-07-21,1.40182,닥터자르트,drjart
2025-07-28,1.38349,닥터자르트,drjart
2025-08-04,1.3704,닥터자르트,drjart
2025-08-11,1.35522,닥터자르트,drjart
2025-08-18,1.87678,닥터자르트,drjart
2025-08-25,1.92862,닥터자르트,drjart
2025-09-01,1.65946,닥터자르트,drjart
2025-09-08,1.39135,닥터자르트,drjart
2025-09-15,1.3615,닥터자르트,drjart
2025-09-22,1.86788,닥터자르트,drjart
2025-09-29,1.26724,닥터자르트,drjart
2025-10-06,1.11852,닥터자르트,drjart
2025-10-13,1.36517,닥터자르트,drjart
2025-10-20,1.61495,닥터자르트,drjart
